index,MID,title,year,rating,num_votes
0,tt2388771,Mowgli,2018,6.6,21967
1,tt5164214,"Ocean's Eight",2018,6.2,110861
2,tt1365519,"Tomb Raider",2018,6.4,142585
3,tt0848228,"The Avengers",2012,8.1,1137529
4,tt8239946,Tumbbad,2018,8.5,7483
5,tt7027278,Kedarnath,2018,5.5,1970
6,tt3498820,"Captain America: Civil War",2016,7.8,536641
7,tt8108198,Andhadhun,2018,9,18160
8,tt3741834,Lion,2016,8.1,170216
9,tt6747420,"Rajma Chawal",2018,5.7,681
10,tt1981128,Geostorm,2017,5.3,72375
11,tt1010048,"Slumdog Millionaire",2008,8,729879
12,tt1190080,2012,2009,5.8,320472
13,tt3726012,Mastizaade,2016,2.4,2205
14,tt0075860,"Close Encounters of the Third Kind",1977,7.7,163278
15,tt6923462,Manto,2018,7.5,1457
16,tt0454876,"Life of Pi",2012,7.9,518138
17,tt1606378,"A Good Day to Die Hard",2013,5.3,184585
18,tt2120120,Pixels,2015,5.6,116089
19,tt8108202,Stree,2018,8,12996
20,tt5970844,"Thugs of Hindostan",2018,3.6,11188
21,tt7725596,"Badhaai Ho",2018,8.2,8418
22,tt5461944,"Hotel Mumbai",2018,7.1,160
23,tt0838221,"The Darjeeling Limited",2007,7.2,161266
24,tt8426854,Jalebi,2018,5.9,475
25,tt0286499,"Bend It Like Beckham",2002,6.7,97876
26,tt5074352,Dangal,2016,8.5,111130
27,tt5474036,Manmarziyaan,2018,7,2770
28,tt0043456,"The Day the Earth Stood Still",1951,7.8,71047
29,tt1098327,"Dragonball Evolution",2009,2.6,64493
30,tt8396128,Pataakha,2018,7.3,1606
31,tt2884206,"I Origins",2014,7.4,101213
32,tt0366551,"Harold & Kumar Go to White Castle",2004,7.1,169683
33,tt1187043,"3 Idiots",2009,8.4,287848
34,tt0986264,"Taare Zameen Par",2007,8.4,133783
35,tt3735246,"Bajirao Mastani",2015,7.2,27161
36,tt2338151,PK,2014,8.2,130977
37,tt2980648,"The Hundred-Foot Journey",2014,7.3,66899
38,tt1954470,"Gangs of Wasseypur",2012,8.2,66292
39,tt0120102,"Seven Years in Tibet",1997,7,109930
40,tt0086034,Octopussy,1983,6.6,84600
41,tt0109424,"Chung Hing sam lam",1994,8.1,50603
42,tt6452574,Sanju,2018,8.1,35436
43,tt5816682,"Victoria & Abdul",2017,6.8,23051
44,tt7919680,Karwaan,2018,7.6,6333
45,tt8852558,Mitron,2018,7.1,1165
46,tt7218518,Padman,2018,8.1,12749
47,tt3004774,Tigers,2014,7.4,746
48,tt1166100,Ghajini,2008,7.3,49705
49,tt1412386,"The Best Exotic Marigold Hotel",2011,7.3,84136
50,tt0327437,"Around the World in 80 Days",2004,5.9,77402
51,tt0116409,"The Ghost and the Darkness",1996,6.8,51491
52,tt5935704,Padmaavat,2018,7,20603
53,tt7098658,Raazi,2018,7.8,13771
54,tt6967980,"Bareilly Ki Barfi",2017,7.5,10592
55,tt0169102,"Lagaan: Once Upon a Time in India",2001,8.1,90179
56,tt8439854,"Lust Stories",2018,6.6,6885
57,tt1188996,"My Name Is Khan",2010,8,88262
58,tt3823392,"Love Sonia",2018,7.2,275
59,tt7720922,"Batti Gul Meter Chalu",2018,6,2370
60,tt7820846,Loveyatri,2018,2.9,1345
61,tt1285241,"Don 2",2011,7.1,45291
62,tt0405508,"Rang De Basanti",2006,8.2,97421
63,tt7853242,"Love Per Square Foot",2018,7.2,4847
64,tt2882328,Ugly,2013,8.1,15869
65,tt2631186,"Bahubali: The Beginning",2015,8.2,90115
66,tt0066763,Anand,1971,8.8,21616
67,tt4849438,"Baahubali 2: The Conclusion",2017,8.3,61978
68,tt7147540,"Sui Dhaaga: Made in India",2018,6.8,3171
69,tt7526836,FryDay,2018,5.9,376
70,tt0808357,"Se, jie",2007,7.6,34025
71,tt6173990,Gold,2018,7.6,7678
72,tt6129302,"Bhavesh Joshi Superhero",2018,7.6,3493
73,tt7581902,"Sonu Ke Titu Ki Sweety",2018,7.2,13599
74,tt8202612,"Satyameva Jayate",2018,5.8,4446
75,tt7431594,"Race 3",2018,2.1,27282
76,tt0809504,"The Accidental Husband",2008,5.6,21636
77,tt1647668,"Million Dollar Arm",2014,7,40342
78,tt3044882,Nasha,2013,3.3,1000
79,tt2350496,Dabba,2013,7.8,41224
80,tt6148156,"Vikram Vedha",2017,8.8,16385
81,tt6206564,Trapped,2016,7.6,6814
82,tt6826438,"Parmanu: The Story of Pokhran",2018,7.8,13693
83,tt2082197,Barfi!,2012,8.1,66919
84,tt0051383,"Auntie Mame",1958,8,9261
85,tt3224288,"Beyond the Clouds",2017,7,1123
86,tt3148502,Tamasha,2015,7.2,18984
87,tt7180544,Mukkabaaz,2017,8.1,4273
88,tt0361411,"Bride & Prejudice",2004,6.2,18827
89,tt7638344,Dhadak,2018,4.4,7520
90,tt5690142,Mom,2017,7.3,6025
91,tt0087892,"A Passage to India",1984,7.4,15181
92,tt7881542,"Happy Phirr Bhag Jayegi",2018,4.6,589
93,tt0248126,"Kabhi Khushi Kabhie Gham...",2001,7.5,38633
94,tt4635372,Masaan,2015,8.1,17190
95,tt4977530,"Viceroy's House",2017,6.7,5008
96,tt8011276,"Laila Majnu",2018,7.8,939
97,tt4699202,Gurgaon,2017,6.7,907
98,tt5946128,"Dear Zindagi",2016,7.7,30352
99,tt6484982,Newton,2017,7.7,11177
100,tt6774212,Aiyaary,2018,5.2,2971
101,tt0093603,Nayakan,1987,8.8,12432
102,tt6514196,Baazaar,2018,6.9,1099
103,tt7363076,Raid,2018,7.4,9462
104,tt4110568,"Dil Dhadakne Do",2015,6.8,12186
105,tt7700730,October,2018,7.6,8660
106,tt4934950,Talvar,2015,8.2,23970
107,tt2181831,Shahid,2012,8.3,12127
108,tt3405236,Raees,2017,6.9,35263
109,tt1821480,Kahaani,2012,8.2,50219
110,tt3418424,"One Less God",2017,5.8,408
111,tt2574698,Gunday,2014,2.1,56040
112,tt0115641,"Beavis and Butt-Head Do America",1996,6.8,47517
113,tt3863552,"Bajrangi Bhaijaan",2015,8,60969
114,tt3043252,Parched,2015,7.6,3875
115,tt4129428,"Jagga Jasoos",2017,6.4,7530
116,tt1849718,Agneepath,2012,7,19962
117,tt3001638,"Mary Kom",2014,6.8,8962
118,tt4434004,"Udta Punjab",2016,7.8,21805
119,tt7469726,"Shaadi Mein Zaroor Aana",2017,7.8,8455
120,tt0891592,"Street Fighter: The Legend of Chun-Li",2009,3.7,21488
121,tt0375611,Black,2005,8.2,30225
122,tt7690638,Soorma,2018,7.5,2850
123,tt5662932,"Raman Raghav 2.0",2016,7.3,9769
124,tt0432637,Krrish,2006,6.4,15508
125,tt4387040,Airlift,2016,8.1,46484
126,tt0238936,Devdas,2002,7.6,33456
127,tt6692354,Ittefaq,2017,7.2,7561
128,tt4559006,"Ae Dil Hai Mushkil",2016,5.8,17713
129,tt6972140,Blackmail,2018,7,5538
130,tt5571734,Pink,2016,8.2,30231
131,tt2436516,"Go Goa Gone",2013,6.6,10180
132,tt4430212,Drishyam,2015,8.3,51007
133,tt1185420,Dostana,2008,6.5,12486
134,tt0367495,"Anbe Sivam",2003,8.8,12285
135,tt5842616,"Veere Di Wedding",2018,3.1,9901
136,tt6071752,"Dil Juunglee",2018,4.5,177
137,tt1833673,Dhoom:3,2013,5.4,39578
138,tt6108090,"Secret Superstar",2017,8,14820
139,tt1280558,"A Wednesday",2008,8.2,66187
140,tt2215477,"Goliyon Ki Rasleela Ram-Leela",2013,6.4,16086
141,tt2408040,"B.A. Pass",2012,6.5,2967
142,tt4832640,Sultan,2016,7.1,32109
143,tt5785170,"Toilet - Ek Prem Katha",2017,7.3,13815
144,tt7981260,Garbage,2018,4.2,213
145,tt0112870,"Dilwale Dulhania Le Jayenge",1995,8.2,56133
146,tt1327035,Dev.D,2009,8,25358
147,tt7618184,Mulk,2018,6.1,10354
148,tt0457655,"Efter brylluppet",2006,7.8,28878
149,tt5956100,"Tiger Zinda Hai",2017,6.1,17804
150,tt0347304,"Kal Ho Naa Ho",2003,8,56080
151,tt4900716,"Kapoor & Sons",2016,7.7,18959
152,tt8136908,Halkaa,2018,7.3,151
153,tt5460276,Kaabil,2017,7.1,21640
154,tt3771536,Shivaay,2016,6.3,8813
155,tt4535650,Dilwale,2015,5.2,28043
156,tt0265343,"Monsoon Wedding",2001,7.4,21795
157,tt5542802,Raabta,2017,4,2378
158,tt1787988,Talaash,2012,7.3,35343
159,tt3678782,Badlapur,2015,7.5,18393
160,tt3702652,"The Other Side of the Door",2016,5.3,15433
161,tt1839596,Rockstar,2011,7.7,33455
162,tt1024943,"Om Shanti Om",2007,6.7,34131
163,tt0172684,"Kuch Kuch Hota Hai",1998,7.7,41863
164,tt1093370,"Jab We Met",2007,7.9,40758
165,tt4814290,Te3n,2016,7.2,9511
166,tt5997666,"Jab Harry Met Sejal",2017,5.4,15884
167,tt3390572,Haider,2014,8.2,44746
168,tt1321869,"The Lovers",2013,4.6,2807
169,tt5882970,Tubelight,2017,4.1,11886
170,tt7275232,"Welcome to New York",2018,2.3,316
171,tt0420332,Veer-Zaara,2004,7.9,43753
172,tt1934231,"Delhi Belly",2011,7.6,23791
173,tt3767372,Piku,2015,7.6,23651
174,tt0449994,"Jodhaa Akbar",2008,7.6,25928
175,tt5613834,"A Gentleman",2017,6.2,3918
176,tt1562871,Ra.One,2011,4.8,34920
177,tt6485666,Mersal,2017,8.1,21247
178,tt6588966,Hichki,2018,7.5,6096
179,tt1562872,"Zindagi Na Milegi Dobara",2011,8.1,56579
180,tt1182937,"Rab Ne Bana Di Jodi",2008,7.2,39110
181,tt3679060,Dishoom,2016,5.1,5443
182,tt1620933,"Paan Singh Tomar",2012,8.2,28578
183,tt7399470,"Qarib Qarib Singlle",2017,7,3823
184,tt2213054,"Kai po che!",2013,7.6,23703
185,tt2178470,"Yeh Jawaani Hai Deewani",2013,7,32668
186,tt5255710,"Sanam Teri Kasam",2016,7.3,7913
187,tt3541262,Myeong-ryang,2014,7.2,8489
188,tt0367110,"Swades: We, the People",2004,8.3,72397
189,tt6102396,Kaalakaandi,2018,6.2,1576
190,tt6170954,"Naam Shabana",2017,6.3,4221
191,tt2176013,"Jab Tak Hai Jaan",2012,6.8,47551
192,tt6580564,"102 Not Out",2018,7.5,4179
193,tt1974382,"The Challenger",2015,5.7,1122
194,tt6843812,"Baaghi 2",2018,5.1,6809
195,tt7607940,"Namaste England",2018,1.3,1621
196,tt0073707,Sholay,1975,8.2,45175
197,tt6978268,Omerta,2017,7,572
198,tt7412738,"Nanu Ki Jaanu",2018,6.5,721
199,tt0031580,"The Little Princess",1939,7.3,4956
200,tt8055888,"Mard Ko Dard Nahin Hota",2018,7.5,125
201,tt7329858,Pari,2018,6.6,4020
202,tt0871510,"Chak De! India",2007,8.2,64275
203,tt3322420,Queen,2013,8.3,53328
204,tt2112124,"Chennai Express",2013,6,43370
205,tt0400234,"Black Friday",2004,8.6,15500
206,tt1275863,"Love Aaj Kal",2009,6.8,13113
207,tt3447364,"Detective Byomkesh Bakshy!",2015,7.6,13768
208,tt0441048,Dhoom:2,2006,6.5,20855
209,tt0433416,"The Namesake",2006,7.5,17893
210,tt5050788,Loev,2015,5.9,1486
211,tt4399594,Fitoor,2016,5.4,3719
212,tt5474042,"Half Girlfriend",2017,4.3,5106
213,tt8458202,Pihu,2018,6.6,168
214,tt2361746,Haraamkhor,2015,6.4,2737
215,tt6971752,"Shubh Mangal Saavdhan",2017,6.9,5404
216,tt0280720,"The Guru",2002,5.4,14292
217,tt5197544,"Baar Baar Dekho",2016,5.3,5188
218,tt5325684,"Hate Story IV",2018,3.4,1052
219,tt0374887,"Munna Bhai M.B.B.S.",2003,8.2,62149
220,tt3848892,Baby,2015,8.1,46737
221,tt2557256,"Bing feng: Chong sheng zhi men",2014,4.8,2890
222,tt7471004,"The House Next Door",2017,6.8,1472
223,tt0213890,Mohabbatein,2000,7.1,24031
224,tt3469244,Phantom,2015,5.8,7505
225,tt5745450,Chef,2017,5.6,1549
226,tt5518128,"Love Games",2016,4.4,668
227,tt6514010,"Brij Mohan Amar Rahe",2017,7.1,2328
228,tt3614516,"Ankhon Dekhi",2013,8,7924
229,tt2150177,"Bhaiaji Superhit",2018,5.7,202
230,tt3542028,"Chal Bhaag",2014,4.3,73
231,tt0096028,"Salaam Bombay!",1988,8,7599
232,tt5071886,Kabali,2016,6.4,10035
233,tt5764096,"Hindi Medium",2017,7.8,15535
234,tt0479751,Sivaji,2007,7.5,14881
235,tt0466460,"Khosla Ka Ghosla!",2006,8.3,19118
236,tt0379370,Maqbool,2003,8.2,7352
237,tt2377938,"Special Chabbis",2013,8,43542
238,tt0964516,Fashion,2008,7,10704
239,tt1029231,"Krrish 3",2013,5.3,18433
240,tt7162758,Paltan,2018,5.5,515
241,tt1292703,"Oye Lucky! Lucky Oye!",2008,7.8,14094
242,tt3495026,Fan,2016,7.2,37639
243,tt5358948,"One Night Stand",2016,3.2,847
244,tt7609114,"Yamla Pagla Deewana Phir Se...",2018,5.3,684
245,tt1926313,"Pyaar Ka Punchnama",2011,7.7,17080
246,tt5713232,Madaari,2016,7.6,10537
247,tt2283748,"OMG: Oh My God!",2012,8.2,41975
248,tt8338746,Phamous,2018,4.5,99
249,tt5108476,Befikre,2016,3.9,6134
250,tt1836987,Trishna,2011,6,2781
251,tt1324059,"Wake Up Sid",2009,7.6,23993
252,tt1948150,Singham,2011,6.8,12356
253,tt0461936,Don,2006,7.2,30993
254,tt2929690,"Margarita with a Straw",2014,7.3,2793
255,tt1198101,Kites,2010,6.1,11149
256,tt3495030,"Dum Laga Ke Haisha",2015,7.5,13979
257,tt3554418,Khoobsurat,2014,6.4,6586
258,tt3177332,"Horror Story",2013,4.4,1232
259,tt2203308,"Aashiqui 2",2013,7,23969
260,tt1438298,Guzaarish,2010,7.5,14871
261,tt0234000,"Kaho Naa... Pyaar Hai",2000,6.9,11855
262,tt2461132,"Happy New Year",2014,5.2,30754
263,tt0425326,Outsourced,2006,7,10670
264,tt3337550,Rahasya,2015,7.6,3596
265,tt1629376,"7 Khoon Maaf",2011,6.1,4815
266,tt1261047,Gulaal,2009,8.1,12019
267,tt7384848,Missing,2018,5.8,1294
268,tt5918074,"A Death in the Gunj",2016,7.5,2688
269,tt2309987,"Hate Story",2012,5.3,3086
270,tt7722258,Genius,2018,4.9,615
271,tt2797242,"Bombay Talkies",2013,6.7,4380
272,tt2172071,"Student of the Year",2012,5.5,12040
273,tt1806913,"Golmaal Again",2017,5,6715
274,tt0292490,"Dil Chahta Hai",2001,8.2,59380
275,tt1773764,"Ship of Theseus",2012,8.1,5409
276,tt1734110,"No One Killed Jessica",2011,7.2,9661
277,tt4430136,"Pyaar Ka Punchnama 2",2015,7.3,12356
278,tt6277440,"Badrinath Ki Dulhania",2017,6.2,8131
279,tt4909752,Rangoon,2017,5.8,3143
280,tt2226666,"Jism 2",2012,3,3018
281,tt3859980,"Mohenjo Daro",2016,5.8,9236
282,tt8060624,Nawabzaade,2018,5,661
283,tt0422091,Dhoom,2004,6.7,15972
284,tt2016894,"Ek Tha Tiger",2012,5.5,25626
285,tt2979920,"Bombay Velvet",2015,5.7,4917
286,tt0347473,"Main Hoon Na",2004,7,28435
287,tt5121000,Aligarh,2015,7.8,4462
288,tt2317337,"Vicky Donor",2012,7.8,33976
289,tt5165344,Rustom,2016,7.1,18773
290,tt2905838,"Bang Bang",2014,5.5,19424
291,tt0296574,Company,2002,8,12722
292,tt5465370,Akira,2016,5.9,3344
293,tt0473367,"Jaane Tu... Ya Jaane Na",2008,7.5,22562
294,tt6405126,Simran,2017,5.4,2428
295,tt4467262,"Katti Batti",2015,4.9,2418
296,tt2976182,Roy,2015,3.3,6568
297,tt0488414,Omkara,2006,8.1,16627
298,tt3709344,"City Lights",2014,7.3,3794
299,tt2126282,"Ekk Deewana Tha",2012,5.9,2635
300,tt2356180,"Bhaag Milkha Bhaag",2013,8.2,52802
301,tt0352314,"Ek Hasina Thi",2004,7.6,5276
302,tt0499375,Guru,2007,7.8,19300
303,tt6272828,Mubarakan,2017,5.6,2830
304,tt1185442,Kurbaan,2009,5.7,4150
305,tt4232066,"Once Again",2018,7.3,347
306,tt5456546,"Judwaa 2",2017,3.9,6783
307,tt7617988,"Kuchh Bheege Alfaaz",2018,7.7,365
308,tt0254481,"Koi... Mil Gaya",2003,7.1,18342
309,tt4864932,Baaghi,2016,5.2,5486
310,tt0242519,"Hera Pheri",2000,8.2,46252
311,tt2635622,"The Attacks of 26/11",2013,6.8,4125
312,tt0116630,Indian,1996,8.1,8419
313,tt1077248,"Johnny Gaddaar",2007,7.9,9847
314,tt5997928,"Hotel Salvation",2016,7.2,1243
315,tt1274295,Kaminey,2009,7.4,14922
316,tt6471054,Ajji,2017,7.1,469
317,tt0164538,"Dil Se..",1998,7.7,23879
318,tt2372678,"2 States",2014,6.9,21230
319,tt1049405,"The Other End of the Line",2008,6.2,5403
320,tt2855648,"Madras Cafe",2013,7.7,20300
321,tt0449999,"Kabhi Alvida Naa Kehna",2006,6.1,16374
322,tt1954598,"Ladies vs. Ricky Bahl",2011,6,7610
323,tt2609218,"Ragini MMS 2",2014,3.9,2389
324,tt0222012,"Hey Ram",2000,8,9888
325,tt5286444,Neerja,2016,7.7,17500
326,tt0995740,"No Smoking",2007,7.2,5458
327,tt2359810,Raanjhanaa,2013,7.6,26011
328,tt2229848,"Chashme Baddoor",2013,5.4,4612
329,tt2168910,Cocktail,2012,6.2,11935
330,tt0272736,"Mujhse Dosti Karoge!",2002,5.1,4358
331,tt0439662,Fanaa,2006,7.2,28078
332,tt1375789,"Race 2",2013,5.3,13733
333,tt1639426,Udaan,2010,8.2,37942
334,tt6299040,"The Ghazi Attack",2017,7.6,9077
335,tt4169250,"M.S. Dhoni: The Untold Story",2016,7.7,27042
336,tt1091229,"Chandni Chowk to China",2009,4,6944
337,tt1433810,"Dhobi Ghat",2010,7.1,11406
338,tt5697870,"Lucknow Central",2017,6.1,2073
339,tt4940456,Mirzya,2016,4.7,1495
340,tt0151150,Josh,2000,6.2,8426
341,tt5477608,"Kahaani 2",2016,6.6,4128
342,tt7142506,Sir,2018,7,146
343,tt0376127,Anniyan,2005,8.2,11244
344,tt4276752,"Xun Long Jue",2015,6,2798
345,tt0117878,"Tere Mere Sapne",1996,6.2,422
346,tt5638500,"1920 London",2016,4.1,1261
347,tt0463345,"La mujer de mi hermano",2005,6.2,2902
348,tt6613812,"Angrezi Mein Kehte Hain",2018,6.8,741
349,tt0114142,Playback,1996,4,291
350,tt4333674,Hunterrr,2015,7,4936
351,tt4865436,"Hate Story 3",2015,4.5,2631
352,tt5156746,"Force 2",2016,6.3,4028
353,tt0315642,Wazir,2016,7.1,15105
354,tt2980794,Highway,2014,7.6,22497
355,tt0109117,"Andaz Apna Apna",1994,8.2,44368
356,tt1610452,"Band Baaja Baaraat",2010,7.2,13191
357,tt0118983,"Dil To Pagal Hai",1997,7.1,18497
358,tt0102258,Lamhe,1991,7.4,2275
359,tt4807830,"Lipstick Under My Burkha",2016,6.9,5134
360,tt3802576,Brothers,2015,6.7,10433
361,tt5472758,"Happy Bhag Jayegi",2016,6.4,4376
362,tt1572311,"Tees Maar Khan",2010,2.6,9858
363,tt5472374,"Meri Pyaari Bindu",2017,5.7,2811
364,tt4874298,Madly,2016,6.3,97
365,tt1714832,"Do Dooni Chaar",2010,7.6,4341
366,tt0106333,Baazigar,1993,7.8,22636
367,tt3410408,"Rocky Handsome",2016,6.8,6143
368,tt2424988,"Gabbar is Back",2015,7.2,20584
369,tt3696192,"Singh Is Bliing",2015,5.3,6577
370,tt2181931,"English Vinglish",2012,7.9,29331
371,tt5743656,Phobia,2016,6.9,2184
372,tt0346457,"Mangal Pandey: The Rising",2005,6.7,8592
373,tt2072227,Shanghai,2012,7.2,8859
374,tt6143422,"Dark wind",2017,9,245
375,tt6173826,"Guest iin London",2017,5.4,1081
376,tt0215132,Rocky,1981,6.9,537
377,tt4906960,Baadshaho,2017,5,3626
378,tt0294662,Kaante,2002,6.6,4091
379,tt1411956,Sold,2016,6.8,1298
380,tt1230165,"Rock On!!",2008,7.8,18668
381,tt1428459,"We Are Family",2010,5.6,2536
382,tt3175038,"Ek Villain",2014,6.5,14131
383,tt3483712,"Raja Natwarlal",2014,6.1,3513
384,tt1694542,"Tanu Weds Manu",2011,6.7,11397
385,tt8223250,Bioscopewala,2018,7.8,554
386,tt0100095,"Maine Pyar Kiya",1989,7.4,9326
387,tt4552546,"3 Storeys",2018,7.2,257
388,tt5742874,"Sarkar 3",2017,4.8,1550
389,tt0075143,Al-risÃ¢lah,1976,8.9,5202
390,tt4552486,"Dobaara: See Your Evil",2017,4.1,279
391,tt0195231,Satya,1998,8.2,11186
392,tt7647198,"Love and Shukla",2017,7.3,425
393,tt5983262,"Tikli and Laxmi Bomb",2017,7.2,376
394,tt6265988,Bhoomi,2017,5.4,1382
395,tt1020937,Awarapan,2007,7.2,5456
396,tt5982852,"Jolly LLB 2",2017,7.3,17945
397,tt0425055,"Game 6",2005,5.9,2363
398,tt2614722,Umrika,2015,6.7,897
399,tt2140465,"Tanu Weds Manu Returns",2015,7.7,23056
400,tt1043451,Delhi-6,2009,6,6208
401,tt0451850,Paheli,2005,6.7,11357
402,tt1580704,"That Girl in Yellow Boots",2010,6.7,3144
403,tt0052954,"Kaagaz Ke Phool",1959,8.1,1698
404,tt3679000,"Any Body Can Dance 2",2015,5.5,4382
405,tt3483646,Bewakoofiyaan,2014,5.5,3206
406,tt5178120,"The Song of Scorpions",2017,6.5,105
407,tt0066070,"Mera Naam Joker",1970,8,4107
408,tt1266583,"Mumbai Meri Jaan",2008,7.8,4986
409,tt6791730,"Tumhari Sulu",2017,7,3514
410,tt0758053,Saawariya,2007,5.4,6723
411,tt7695014,"Saheb Biwi Aur Gangster 3",2018,4.4,500
412,tt4271730,Alone,2015,3.8,1403
413,tt1985981,"Desi Boyz",2011,5.9,11587
414,tt1291465,Raajneeti,2010,7.1,14876
415,tt1244093,Hisss,2010,3,1374
416,tt1836912,Shaitan,2011,7.3,7275
417,tt4979082,"Jai Gangaajal",2016,5.7,2240
418,tt2258337,Eega,2012,7.8,18311
419,tt1954206,"The Dirty Picture",2011,6.6,7727
420,tt1667838,"I Hate Luv Storys",2010,5.6,6771
421,tt3717068,Court,2014,7.7,3086
422,tt0079221,"Gol Maal",1979,8.6,14778
423,tt4332114,"Dolly Ki Doli",2015,4.6,2379
424,tt0058547,Sangam,1964,7.6,1295
425,tt8484590,"Teri Bhabhi Hai Pagle",2018,5.5,63
426,tt0800956,"Life in a Metro",2007,7.4,9447
427,tt0107311,"Khal Nayak",1993,7.2,2523
428,tt2049630,Unfreedom,2014,6.2,1693
429,tt2677064,"Vishwaroopam 2",2018,6.1,1721
430,tt2476154,"Grand Masti",2013,4.4,5235
431,tt5235880,"A Flying Jatt",2016,3.4,2834
432,tt0248185,"Mission Kashmir",2000,6.8,5686
433,tt1144804,"Kambakkht Ishq",2009,3.9,6041
434,tt2804026,Aurangzeb,2013,6.6,3582
435,tt0795434,"Namastey London",2007,7.3,19070
436,tt2309764,"Singham Returns",2014,5.7,6237
437,tt5207116,"X: Past Is Present",2015,5.6,455
438,tt1949548,Heroine,2012,5.1,3594
439,tt4088588,Dhanak,2015,8,2812
440,tt0405507,Murder,2004,5.4,3243
441,tt3495000,Mardaani,2014,7.3,9063
442,tt8581230,"B.A. Pass 2",2017,2.2,184
443,tt3019620,Titli,2014,7.6,3403
444,tt0248617,Yaadein...,2001,4.5,2906
445,tt6712014,"Fukrey Returns",2017,6.5,3740
446,tt5943306,"Freaky Ali",2016,5,2286
447,tt5752374,Shorgul,2016,5.7,138
448,tt2187153,Thuppakki,2012,7.9,20733
449,tt0109206,"Bandit Queen",1994,7.6,3863
450,tt0470869,"Neal 'N' Nikki",2005,3.3,1326
451,tt0432047,Sarkar,2005,7.7,13913
452,tt0323013,Lakshya,2004,7.9,17299
453,tt1183946,"The Stoneman Murders",2009,7.4,2028
454,tt2198235,"Monsoon Shootout",2013,6.4,670
455,tt0150992,"Hum Dil De Chuke Sanam",1999,7.5,14881
456,tt3742284,NH10,2015,7.2,11015
457,tt8427036,"Helicopter Eela",2018,5,273
458,tt1918886,Joker,2012,2.6,4446
459,tt1499201,"Anjaana Anjaani",2010,5.8,5303
460,tt6467738,Irada,2017,6.3,937
461,tt0330082,Boom,2003,2.3,1236
462,tt2699840,"John Day",2013,5.7,692
463,tt3836958,Shamitabh,2015,6.8,6336
464,tt1918965,"Murder 2",2011,6.2,5615
465,tt6275262,"Vodka Diaries",2018,5.7,790
466,tt3017412,"Happy Ending",2014,5.4,3000
467,tt5764024,"OK Jaanu",2017,5.1,3087
468,tt3794302,Pizza,2014,6.2,776
469,tt3209826,"Patel Ki Punjabi Shaadi",2017,3.8,243
470,tt4949324,"Mohalla Assi",2015,7.5,802
471,tt1101665,"Shaurya: It Takes Courage to Make Right... Right",2008,7.3,3209
472,tt0403935,"Action Jackson",2014,3.3,2746
473,tt5290620,"Kyaa Kool Hain Hum 3",2016,1.9,3798
474,tt2423132,"Akaash Vani",2013,6.3,1485
475,tt0220832,"Vaastav: The Reality",1999,8,10671
476,tt4559046,"Housefull 3",2016,5.2,6493
477,tt5775220,Noor,2017,4,1174
478,tt0249371,Asoka,2001,6.7,12189
479,tt2372222,Kick,2014,5.4,21132
480,tt0382383,Yuva,2004,7.4,7540
481,tt3142232,Heropanti,2014,5.4,7090
482,tt3678938,"Humpty Sharma Ki Dulhania",2014,6,9482
483,tt6926486,Daddy,2017,6.4,1239
484,tt8175968,"High Jack",2018,5.3,204
485,tt0240200,Water,2005,7.8,13515
486,tt0303785,Bollywood/Hollywood,2002,6,2383
487,tt4990516,"Tu Hai Mera Sunday",2016,7.8,816
488,tt8698956,Lupt,2018,6.9,167
489,tt2224317,Lootera,2013,7.3,12953
490,tt0806088,"Heyy Babyy",2007,6.1,11321
491,tt7172308,"Kuldip Patwal: I Didn't Do It!",2017,7.6,343
492,tt6537508,"Behen Hogi Teri",2017,5.4,1297
493,tt1017456,Race,2008,6.6,11209
494,tt8324474,"Hope Aur Hum",2018,6.5,214
495,tt5020726,Silvat,2018,8,69
496,tt0346723,"Chalte Chalte",2003,6.6,13162
497,tt4979110,"Daas Dev",2018,5.1,146
498,tt1395054,"Once Upon a Time in Mumbaai",2010,7.4,14114
499,tt0195002,Kaun?,1999,7.7,2838
500,tt1825801,Hostel,2011,5.1,499
501,tt0139876,Baasha,1995,8.3,7010
502,tt5686868,"Miss Teacher",2016,3.1,161
503,tt4022278,Fever,2016,4.9,531
504,tt0248012,Fiza,2000,6.2,3365
505,tt5005684,"Nil Battey Sannata",2015,8.5,4123
506,tt0356982,Paanch,2003,7.7,1904
507,tt5227468,"Beiimaan Love",2016,2.9,319
508,tt0995031,"Bhool Bhulaiyaa",2007,7.3,17696
509,tt3173910,"Hasee Toh Phasee",2014,6.8,12145
510,tt6711660,"Babumoshai Bandookbaaz",2017,7,853
511,tt0498351,"The Hero of Color City",2014,4.1,415
512,tt3142688,"Finding Fanny",2014,5.8,5768
513,tt0085743,"Jaane Bhi Do Yaaro",1983,8.5,11052
514,tt5954088,"Commando 2",2017,5.2,2192
515,tt0318275,"Adisaya Piravi",1990,6.8,240
516,tt5502766,Phillauri,2017,6.1,2950
517,tt0105271,Roja,1992,8.2,9764
518,tt0109555,Darr,1993,7.8,19832
519,tt2246724,Ghanchakkar,2013,5.7,4282
520,tt3483612,"Hamari Adhuri Kahani",2015,6.7,4465
521,tt3415692,Mahabharat,2013,5.4,296
522,tt1230448,Billu,2009,6.2,9018
523,tt0104561,"Jo Jeeta Wohi Sikandar",1992,8.2,19048
524,tt1120897,"Dhan Dhana Dhan Goal",2007,4.9,2075
525,tt1558578,"Knock Out",2010,6,1764
526,tt0456144,"Lage Raho Munna Bhai",2006,8.1,36953
527,tt4190220,"Zed Plus",2014,6.4,288
528,tt0222024,"Hum Tumhare Hain Sanam",2002,5.5,5755
529,tt0053126,"North West Frontier",1959,7.2,1867
530,tt0488798,Welcome,2007,6.8,14620
531,tt0457802,"The Blue Umbrella",2005,7.6,1583
532,tt1708453,Aakrosh,2010,7,2854
533,tt6117702,"Munna Michael",2017,3.4,2163
534,tt0451919,"Socha Na Tha",2005,7.5,6495
535,tt1434447,"Rocket Singh: Salesman of the Year",2009,7.5,15677
536,tt0920464,"Manorama Six Feet Under",2007,7.7,5459
537,tt2275802,Satyagraha,2013,6,4463
538,tt0415908,Kaal,2005,4.6,4218
539,tt0116308,Fire,1996,7.3,5264
540,tt2301155,"Shootout at Wadala",2013,5.9,5466
541,tt0119861,Pardes,1997,7,12292
542,tt0418362,"Mujhse Shaadi Karogi",2004,6.8,11746
543,tt0114234,Rangeela,1995,7.5,7835
544,tt1395025,"Agent Vinod",2012,5.1,6483
545,tt2762334,"Main Tera Hero",2014,5.3,6427
546,tt2199711,Vishwaroopam,2013,8.4,37578
547,tt4007558,Shaandaar,2015,3.7,4074
548,tt4744086,"Ki & Ka",2016,5.8,4572
549,tt1785333,Chittagong,2012,7.2,1228
550,tt2912578,"Ankur Arora Murder Case",2013,6.5,1270
551,tt0464160,"Chup Chup Ke",2006,6.7,6418
552,tt0418460,Aitraaz,2004,6.8,8684
553,tt2551378,"Bullett Raja",2013,5,3388
554,tt2658126,Commando,2013,6.1,3720
555,tt1729637,Bodyguard,2011,4.6,19770
556,tt1608777,"LSD: Love, Sex Aur Dhokha",2010,7.1,4697
557,tt1740710,"Mere Brother Ki Dulhan",2011,5.9,8137
558,tt1182972,"Bachna Ae Haseeno",2008,6.2,8969
559,tt4023852,"Welcome to Karachi",2015,4.4,936
560,tt2186933,"Luv Shuv Tey Chicken Khurana",2012,6.6,3269
561,tt1918927,"Luv Ka the End",2011,4.8,1230
562,tt0471571,Athadu,2005,8.3,9989
563,tt2229842,"Table No.21",2013,7.1,9964
564,tt0291376,"Nayak: The Real Hero",2001,7.8,11244
565,tt0072783,"Chupke Chupke",1975,8.4,9535
566,tt2556308,Holiday,2014,7.4,22160
567,tt4675030,"Great Grand Masti",2016,3.7,1838
568,tt1194232,"Jaane Kahan Se Aayi Hai",2010,4,489
569,tt0476527,Bluffmaster!,2005,6.7,5143
570,tt0976026,"Cheeni Kum",2007,6.8,4400
571,tt1784589,Players,2012,4.1,3390
572,tt0306434,Aankhen,2002,7.6,10802
573,tt0098999,Agneepath,1990,7.7,7208
574,tt0494290,Vivah,2006,6.6,7927
575,tt1620719,Dabangg,2010,6.3,24537
576,tt1703958,"Ek Main Aur Ekk Tu",2012,5.8,5891
577,tt4642936,"Warrior Savitri",2016,5,250
578,tt0454396,"Aryan: Unbreakable",2006,4.6,267
579,tt0109010,"1942: A Love Story",1994,7.3,2900
580,tt1728986,"Bol Bachchan",2012,5.5,7101
581,tt2321163,"ABCD Any Body Can Dance",2013,6.4,5596
582,tt1629391,"Tere Bin Laden",2010,7.2,9618
583,tt1720254,"Thank You",2011,4.7,4500
584,tt2385104,D-Day,2013,7.2,8127
585,tt1183917,"Teen Patti",2010,4.1,1277
586,tt2344678,Himmatwala,2013,1.7,7260
587,tt3380264,"Kill Dil",2014,4.4,3465
588,tt4300776,"Mirror Game",2017,6.1,174
589,tt1532957,Paa,2009,7.2,10475
590,tt0337578,Baghban,2003,7.4,13167
591,tt6997642,Ribbon,2017,6.9,256
592,tt1396208,"Action Replayy",2010,4.2,4802
593,tt1351224,"Pyaar Impossible!",2010,4.7,2736
594,tt0113526,"Karan Arjun",1995,6.9,11276
595,tt0086230,Sadma,1983,8.5,2587
596,tt0456165,"Salaam Namaste",2005,6.2,5927
597,tt3619772,"Hate Story 2",2014,4.4,1812
598,tt2339505,Kochadaiiyaan,2014,6.5,4452
599,tt1084972,Wanted,2009,6.6,16301
600,tt0444767,"A Sublime Love Story: Barsaat",2005,4.1,501
601,tt1602476,"Badmaa$h Company",2010,6,5469
602,tt0093578,"Mr. India",1987,7.8,11558
603,tt3368222,"Angry Indian Goddesses",2015,6.9,2334
604,tt2807410,Rudhramadevi,2015,6.1,2315
605,tt6027478,Dhruva,2016,8,4470
606,tt5457772,Sarrainodu,2016,6.4,2999
607,tt1573072,Housefull,2010,5.5,10728
608,tt2271641,Thaandavam,2012,6.1,1472
609,tt0419058,"Phir Hera Pheri",2006,6.6,11489
610,tt1255951,"De Dana Dan",2009,5.3,5834
611,tt0102825,Saajan,1991,7.3,5154
612,tt0497915,Gunda,1998,7.4,9232
613,tt0050188,"Mother India",1957,8.1,7327
614,tt2341766,"Nautanki Saala!",2013,5.8,3721
615,tt6118058,Maroon,2016,5.3,158
616,tt3595298,"Prem Ratan Dhan Payo",2015,4.7,15331
617,tt0211934,Baadshah,1999,6.9,14898
618,tt0299108,"Rehnaa Hai Terre Dil Mein",2001,7.5,5239
619,tt0419992,"My Brother... Nikhil",2005,7.4,999
620,tt1992138,Force,2011,6.4,6197
621,tt0490210,"Sarkar Raj",2008,6.8,6625
622,tt0220594,Kartoos,1999,5.3,431
623,tt0200087,Sarfarosh,1999,8.2,21507
624,tt1223922,Blue,2009,3.8,4021
625,tt0196069,Samsara,2001,7.8,6899
626,tt1706317,Tezz,2012,3.9,1893
627,tt2137241,"Rock On 2",2016,5,1679
628,tt0485272,Salaam-E-Ishq,2007,5.2,4791
629,tt1105733,"Kismat Konnection",2008,5.2,4659
630,tt6958030,1921,2018,4.3,687
631,tt6201292,Bairavaa,2017,6.2,6628
632,tt1714866,"Midnight's Children",2012,6.2,2634
633,tt0116950,Maachis,1996,7.8,1707
634,tt1884268,"Chalo Dilli",2011,6.8,2696
635,tt1221139,"Welcome to Sajjanpur",2008,6.9,2819
636,tt0824375,Nishabd,2007,5.5,1436
637,tt2826126,Shree,2013,6.4,216
638,tt0337971,Deewangee,2002,6.6,2154
639,tt0438875,Insan,2005,5,1132
640,tt0110222,"Kabhi Haan Kabhi Naa",1994,7.9,15525
641,tt2211173,Yevadu,2014,5.4,5727
642,tt0395802,Veergati,1995,5.4,700
643,tt0454435,'D',2005,6.9,1095
644,tt5209420,LoveShhuda,2016,4.5,493
645,tt2222550,"1920: Evil Returns",2012,4.9,1506
646,tt3449292,"Manjhi: The Mountain Man",2015,8,15607
647,tt0110076,"Hum Aapke Hain Koun...!",1994,7.5,16304
648,tt2932606,Siddharth,2013,7.3,546
649,tt6395306,"Union Leader",2017,7.8,1434
650,tt1239276,"Rang Rasiya",2008,7.1,1635
651,tt4024944,"Main Aur Charles",2015,6.3,1444
652,tt0313844,"16 December",2002,6.9,1004
653,tt0246879,Qurbani,1980,7.1,723
654,tt2871010,"Sonali Cable",2014,5.6,766
655,tt0098167,Rakhwala,1989,5.1,60
656,tt0137361,Anupama,1966,7.5,321
657,tt3409440,"De surprise",2015,6.7,3259
658,tt0488906,Zinda,2006,4.9,2921
659,tt2357926,"Ramaiya Vastavaiya",2013,5.7,2982
660,tt0061974,Milan,1967,7,124
661,tt0069671,Abhimaan,1973,8,2262
662,tt0065764,Geet,1970,7.3,83
663,tt2357489,Zanjeer,2013,3.3,2079
664,tt0118654,"Aunty No. 1",1998,4.2,445
665,tt0109922,"Gopi Kishan",1994,5.5,676
666,tt0391165,"Fun2shh... Dudes in the 10th Century",2003,4.5,698
667,tt0189592,"Hum Aapke Dil Mein Rehte Hain",1999,5.8,1328
668,tt0339936,"Zamane Se Kya Darna",1994,5.7,51
669,tt0266875,Raat,1992,7.2,796
670,tt0363666,Hatya,1988,7.1,299
671,tt0267905,Sangram,1993,3.3,164
672,tt0317811,Kasam,2001,4.3,88
673,tt2354407,"Teri Meri Kahaani",2012,4.8,3565
674,tt0112553,Bombay,1995,8.1,9661
675,tt0845448,Dhamaal,2007,7.2,10656
676,tt3539966,Dishkiyaoon,2014,5.3,880
677,tt0860454,"MP3: Mera Pehla Pehla Pyaar",2007,7.1,1941
678,tt1708532,Ready,2011,4.7,13176
679,tt0172574,Hulchul,1995,4.7,365
680,tt0187004,Farishtay,1991,4.9,196
681,tt0065936,"Kati Patang",1970,7.2,745
682,tt0173369,"Tum Mere Ho",1990,5.1,748
683,tt1805263,"I Am Kalam",2010,8,2992
684,tt0419468,Baabul,2006,5.5,2666
685,tt1034449,Kidnap,2008,4.6,2064
686,tt3840534,Junooniyat,2016,4.3,562
687,tt0210659,"Dulhe Raja",1998,6.6,1916
688,tt0109091,Amaanat,1994,5.5,482
689,tt0326600,"Maine Dil Tujhko Diya",2002,3.8,961
690,tt1509732,Aisha,2010,5,3467
691,tt0385782,Inteha,2003,5.4,122
692,tt1263679,Firaaq,2008,7.4,1700
693,tt0115568,Army,1996,4.4,1392
694,tt3036740,Humshakals,2014,1.8,6976
695,tt0378072,"Hum Tum",2004,7,12026
696,tt0178186,Aandhi,1975,8.2,1167
697,tt0415768,Dus,2005,5.5,2712
698,tt1890363,"Buddha in a Traffic Jam",2016,6.9,1520
699,tt1060249,Drona,2008,2.1,2216
700,tt0495032,Gangster,2006,7.1,4619
701,tt0118751,Border,1997,7.9,11431
702,tt0107060,Gumrah,1993,6.4,481
703,tt0490170,"Love Story 2050",2008,2.6,2080
704,tt4177040,"Baankey Ki Crazy Baraat",2015,6.5,239
705,tt0382385,Zameen,2003,5.3,1239
706,tt0156985,Sadak,1991,7.1,1061
707,tt0110438,"Main Khiladi Tu Anari",1994,6.9,4988
708,tt1391544,"Dhoondte Reh Jaoge",2009,5.6,569
709,tt0109710,"Eena Meena Deeka",1994,4.6,266
710,tt0234141,"Love Story",1981,6.5,333
711,tt0147811,Ankhen,1968,7.1,271
712,tt0214841,Karz,1980,7.5,1800
713,tt6080914,Dora,2017,5.4,581
714,tt0216817,"Hum Saath-Saath Hain: We Stand United",1999,6.2,5528
715,tt0214665,"Ek Phool Do Mali",1969,6.7,150
716,tt1754137,"Little Terrors",2014,7.2,83
717,tt0337652,"Jeena Sirf Merre Liye",2002,4.6,620
718,tt7274806,"Kaashi in Search of Ganga",2018,7.2,80
719,tt0050870,Pyaasa,1957,8.5,4498
720,tt2369154,"R... Rajkumar",2013,5.2,4618
721,tt0156043,"Sanam Teri Kasam",1982,6.3,105
722,tt0172617,"Izzat Ki Roti",1993,5.2,56
723,tt2939912,Traffic,2016,6.7,2254
724,tt0187279,"Meri Biwi Ka Jawab Nahin",2004,4.6,613
725,tt0886539,"Luck by Chance",2009,7.1,8646
726,tt4818930,Waiting,2015,7.2,1382
727,tt0078241,Shalimar,1978,6.3,445
728,tt0305689,"Jab Jab Phool Khile",1965,7.1,236
729,tt1241195,Aamir,2008,7.7,9284
730,tt0072860,Deewaar,1975,8.1,8625
731,tt0374271,"Tere Naam",2003,7.1,14448
732,tt0070253,Jugnu,1973,6.9,134
733,tt0379375,"Matrubhoomi: A Nation Without Women",2003,7.7,1779
734,tt0095440,"Khatron Ke Khiladi",1988,4.8,149
735,tt1522329,"Tum Mile",2009,5,1232
736,tt0173102,"Raju Ban Gaya Gentleman",1992,6.9,6568
737,tt3817652,Ranna,2015,6.3,455
738,tt1146325,"Singh Is Kinng",2008,5.8,12616
739,tt5056470,"Teraa Surroor",2016,2.8,759
740,tt0255212,"Hamara Dil Aapke Paas Hai",2000,5.6,1578
741,tt0121395,Imtihaan,1994,5.3,257
742,tt7742704,"Meri Nimmo",2018,7.2,197
743,tt1830786,Rascals,2011,2.9,2249
744,tt0177473,"Aa Gale Lag Jaa",1973,7.1,252
745,tt0294264,Aalavandhan,2001,7.1,1664
746,tt4302956,"Kis Kisko Pyaar Karoon",2015,5.7,5067
747,tt2343621,"Liar's Dice",2013,6.9,521
748,tt2622130,"Jayantabhai Ki Luv Story",2013,5.3,1094
749,tt3671294,"Khilona Bana Khalnayak",1995,7,54
750,tt0151206,"Khoon Bhari Maang",1988,6.7,849
751,tt2308773,Ishaqzaade,2012,6.6,5865
752,tt0248135,Khudgarz,1987,5.9,239
753,tt0247394,Gumnaam,1965,7.2,1067
754,tt1578261,"Break Ke Baad",2010,5.2,3570
755,tt0246456,Bazaar,1982,7.3,355
756,tt2806788,Fukrey,2013,6.9,9314
757,tt0284456,Samadhi,1972,7.5,85
758,tt0102746,Kurbaan,1991,4.2,350
759,tt0164550,Duplicate,1998,5.5,6206
760,tt7190460,Thupparivaalan,2017,7.5,2474
761,tt1227762,Aladin,2009,4.7,2343
762,tt0473310,"Ram Gopal Varma Ki Aag",2007,1.9,6344
763,tt0049041,C.I.D.,1956,7.5,524
764,tt0485522,"Umrao Jaan",2006,5.5,1723
765,tt4811706,"Six X",2016,6.7,121
766,tt2106537,"Matru ki Bijlee ka Mandola",2013,5.7,5690
767,tt3590416,"Global Baba",2016,5.5,144
768,tt0116153,"Dushman Duniya Ka",1996,4.6,581
769,tt0255309,Kurukshetra,2000,6.1,815
770,tt2675978,"Dedh Ishqiya",2014,7.1,6432
771,tt0493417,"Fool N Final",2007,3.4,1637
772,tt0305714,"Kadhal Desam",1996,6.9,361
773,tt0084667,Shakti,1982,7.8,1665
774,tt1042499,"Filth and Wisdom",2008,5.6,2319
775,tt0326576,Humraaz,2002,6.3,2560
776,tt3611266,"Bank Chor",2017,5.9,1957
777,tt0138411,Dushman,1971,7,151
778,tt1855268,"Main Krishna Hoon",2013,5.9,156
779,tt1039995,"U Me Aur Hum",2008,6,2267
780,tt1727496,"Dil Toh Baccha Hai Ji",2011,5.7,3217
781,tt0084866,Vidhaata,1982,7.1,265
782,tt0072100,"Roti Kapada Aur Makaan",1974,7,587
783,tt0105394,"Shola Aur Shabnam",1992,6.7,651
784,tt7341406,Rukh,2017,6.5,316
785,tt3681414,"Purani Jeans",2014,6.1,639
786,tt0121989,Baazi,1995,6.6,1883
787,tt0986213,"Aaja Nachle",2007,6.4,2560
788,tt0053706,"Chaudhvin Ka Chand",1960,7.2,333
789,tt0383975,Chameli,2003,7.1,1666
790,tt1671446,"Aadhi Bhagavan",2013,5.4,478
791,tt0268141,"Ananda Ashram",1977,7.2,94
792,tt0839742,"Bhopal: A Prayer for Rain",2014,7.3,1803
793,tt0317312,"Dance Dance",1987,6,212
794,tt6058394,"Anaarkali of Aarah",2017,6.5,1020
795,tt0116763,"Khamoshi: The Musical",1996,7.6,2238
796,tt1891757,Bol,2011,8.3,8090
797,tt0059246,Guide,1965,8.5,6049
798,tt4500734,"Ek Paheli Leela",2015,3.8,1521
799,tt3369670,"Children of War",2014,6.8,826
800,tt1156148,Karzzzz,2008,2.2,1075
801,tt0077451,Don,1978,7.8,9554
802,tt2302416,"Gali Guleiyan",2017,7.8,139
803,tt1334470,Raavan,2010,5.4,3778
804,tt0067183,"HarÃ© Rama HarÃ© Krishna",1971,7.3,677
805,tt0414714,Girlfriend,2004,3.3,304
806,tt0210609,"China Gate",1998,6.7,1144
807,tt0454431,"Chocolate: Deep Dark Secrets",2005,4.8,1732
808,tt5615116,"Dear Dad",2016,6.4,231
809,tt1288638,Dasvidaniya,2008,7.8,5220
810,tt0111068,Sangharsh,1999,7.1,4711
811,tt0154998,"Pataal Bhairavi",1985,5.7,59
812,tt0073191,"Jai Santoshi Maa",1975,6.8,92
813,tt0263491,"Jis Desh Mein Ganga Rehta Hain",2000,4.9,957
814,tt0083578,Arth,1982,8,1046
815,tt1848771,Aarakshan,2011,6.2,4447
816,tt0220757,Shool,1999,7.7,2220
817,tt5637188,"Saat Uchakkey",2016,5.7,550
818,tt0433425,Parzania,2005,7.7,1256
819,tt0348656,Khushi,2003,4.5,1411
820,tt0082797,Naseeb,1981,7.1,1237
821,tt1667823,"Bhindi Baazaar",2011,6.2,587
822,tt0230055,Bulandi,2000,5.4,527
823,tt3302962,"Shaadi Ke Side Effects",2014,5.6,3501
824,tt0175530,"Chor Machaye Shor",1974,6.6,104
825,tt5120640,Sarbjit,2016,7.3,3544
826,tt0117437,"Raja Hindustani",1996,6.1,6111
827,tt0083081,Silsila,1981,7.4,2242
828,tt0409527,Shabd,2005,5.2,1211
829,tt0267130,Yodha,1991,4.4,108
830,tt0456481,"Jaan-E-Mann: Let's Fall in Love... Again",2006,6.4,7322
831,tt0156891,"Phir Teri Kahani Yaad Aayee",1993,6,194
832,tt2246595,"Blood Money",2012,5.1,869
833,tt1191130,"Right Yaaa Wrong",2010,6.4,764
834,tt0290331,"Waqt Hamara Hai",1993,6.2,1270
835,tt0078222,"Seeta Aur Geeta",1972,6.9,1409
836,tt0396563,"Dil Ne Jise Apna Kaha",2004,4.5,1252
837,tt0253194,Kunwara,2000,5.1,665
838,tt4603640,"The Silence",2015,7.2,179
839,tt0090812,"Chameli Ki Shaadi",1986,7.6,1312
840,tt0453671,"Garam Masala",2005,6.8,11552
841,tt0215517,Angoor,1982,8.4,4196
842,tt0041619,Mahal,1949,7.1,310
843,tt0154685,"Johny Mera Naam",1970,7.4,610
844,tt0443708,"Page 3",2005,7.3,6123
845,tt0290326,"Tum Bin...: Love Will Find a Way",2001,7.5,2714
846,tt0222270,"Phir Bhi Dil Hai Hindustani",2000,6.3,5875
847,tt1082075,Pusher,2010,6.2,578
848,tt2404519,"3G - A Killer Connection",2013,3.7,1025
849,tt0286421,Achanak,1998,4.3,202
850,tt0107986,"Roop Ki Rani Choron Ka Raja",1993,4.9,726
851,tt0307873,Raaz,2002,6.5,2263
852,tt0330843,Saathiya,2002,6.9,6098
853,tt0172175,Bhabhi,1991,4.6,104
854,tt0276309,Maa,1976,6.4,72
855,tt0105166,"Prem Deewane",1992,5.2,177
856,tt2073070,"Saheb Biwi Aur Gangster",2011,7.2,3587
857,tt0499041,Kalyug,2005,6.5,2041
858,tt0319020,"Awara Paagal Deewana",2002,6.4,6786
859,tt6620324,"Indu Sarkar",2017,6,1137
860,tt0089194,Geraftaar,1985,6.1,373
861,tt2417560,Filmistaan,2012,7.3,3066
862,tt0392360,Love,1991,6,819
863,tt0172170,Bekhudi,1992,4.9,175
864,tt0106653,Dalaal,1993,6,84
865,tt4683366,"Ghayal Once Again",2016,6.5,4566
866,tt2188805,Login,2012,6.3,84
867,tt0489486,"Good Boy, Bad Boy",2007,3.8,1457
868,tt0110546,Mohra,1994,7.1,6888
869,tt5785200,Machine,2017,2.7,552
870,tt2633598,"Rise of the Zombie",2013,4,311
871,tt0246914,Sargam,1979,6.7,114
872,tt0154565,Haqeeqat,1964,7.8,386
873,tt0116391,Gang,2000,6.3,180
874,tt1099196,"Dil Dosti Etc",2007,7,2549
875,tt0104404,"Heer Ranjha",1992,5.4,110
876,tt0882967,Strangers,2007,5.1,315
877,tt0375791,Gundaraj,1995,4.4,293
878,tt0178184,"Aan Milo Sajna",1970,6.5,170
879,tt0346507,Andaaz,2003,5.6,2043
880,tt0348187,Tejasvini,1994,6.7,59
881,tt1907761,"Stanley Ka Dabba",2011,7.9,4924
882,tt0111780,"Yaar Gaddar",1994,4.4,85
883,tt0306855,Style,2001,6.7,1525
884,tt6046994,"Dongri Ka Raja",2016,4.3,118
885,tt2905768,Sahasam,2013,6.6,686
886,tt1174041,"Main Aurr Mrs Khanna",2009,3.6,2371
887,tt0347416,"LOC: Kargil",2003,5.2,2163
888,tt4262516,"Sanam Re",2016,3.2,2483
889,tt3615160,"Gyakusatsu kikan",2017,6.4,461
890,tt0071800,Majboor,1974,7.2,544
891,tt0172761,"Major Saab",1998,5.3,1848
892,tt0084630,"Satte Pe Satta",1982,7.2,2585
893,tt1455811,"Khatta Meetha",2010,5.8,8132
894,tt2406676,"Ek Thi Daayan",2013,5.7,3480
895,tt1754920,"Yeh Saali Zindagi",2011,7.5,4108
896,tt3716142,"Lekar Hum Deewana Dil",2014,4.9,642
897,tt1170404,"Mere Baap Pehle Aap",2008,5.3,1610
898,tt0281102,"Pyaar Tune Kya Kiya...",2001,5.7,688
899,tt0229193,"Aastha: In the Prison of Spring",1997,6.4,156
900,tt2215163,Issaq,2013,4.6,394
901,tt0444820,Fareb,2005,4.1,141
902,tt0995718,"Ek Chalis Ki Last Local",2007,7.3,4159
903,tt2077833,"Rowdy Rathore",2012,5.8,18480
904,tt0453729,Iqbal,2005,8.1,13954
905,tt1773015,"Phas Gaye Re Obama",2010,7.5,4463
906,tt0265690,Samraat,1982,6,119
907,tt0115042,"Zamaana Deewana",1995,5.1,1741
908,tt0097563,Ilaaka,1989,4.7,112
909,tt0823451,"Dus Kahaniyaan",2007,5.8,1398
910,tt1582466,Adhurs,2010,6.8,1945
911,tt1980986,"Housefull 2",2012,5.4,11406
912,tt0150433,Earth,1998,7.8,6797
913,tt2178508,"Son of Sardaar",2012,4,7895
914,tt0075669,"Amar Akbar Anthony",1977,7.5,5538
915,tt0341562,Satta,2003,6.9,480
916,tt0303661,"Anita & Me",2002,6.5,1547
917,tt1451797,Rann,2010,7,2085
918,tt0385351,"Yeh Lamhe Judaai Ke",2004,4.3,1472
919,tt0456500,"Kyaa Kool Hai Hum",2005,6.1,2821
920,tt0107321,"King Uncle",1993,5.2,2464
921,tt0349620,"Inteqam: The Perfect Game",2004,5.4,69
922,tt1188982,"Jai Ho",2014,5.3,15100
923,tt5785116,"Begum Jaan",2017,5.5,2185
924,tt0300475,"Shirdi Ke Sai Baba",1977,7,196
925,tt0196635,"International Khiladi",1999,5,1852
926,tt0085886,Mahaan,1983,6.2,356
927,tt0833553,"Ta Ra Rum Pum",2007,5.6,3622
928,tt0121352,Henna,1991,6.4,565
929,tt1328634,"New York",2009,6.8,9370
930,tt0322653,"Mere Yaar Ki Shaadi Hai",2002,5.3,1891
931,tt0139525,"Phool Aur Patthar",1966,6.6,185
932,tt1242530,"What's Your Raashee?",2009,4.7,2331
933,tt0470614,"Yun Hota Toh Kya Hota",2006,6.9,551
934,tt3501994,"Hawaa Hawaai",2014,7.4,1508
935,tt0251356,Qahar,1997,4,118
936,tt0189492,Dushman,1998,6.9,1547
937,tt0284811,Aarzoo,1999,5.7,1274
938,tt0486615,"London Dreams",2009,5.4,3721
939,tt0118957,"Deewana Mastana",1997,6.7,2021
940,tt0374660,Footpath,2003,5.4,670
941,tt6095994,Khoj,2017,7,340
942,tt0177502,"Aaj Ki Taaza Khabar",1973,7.4,77
943,tt0295603,"Shirdi Sai Baba",2001,3.5,161
944,tt0473567,...Yahaan,2005,7.5,978
945,tt0114031,"Oh Darling Yeh Hai India",1995,4.4,1390
946,tt0348843,Jism,2003,5.2,1863
947,tt0126871,Deewana,1992,7,5306
948,tt1185412,Veer,2010,4.7,6498
949,tt0495034,"Golmaal: Fun Unlimited",2006,7.4,12222
950,tt1252596,"Ajab Prem Ki Ghazab Kahani",2009,6.3,10310
951,tt0190419,Ghulam,1998,7.3,9734
952,tt0311411,Kranti,2002,3.8,318
953,tt2630076,"Super Nani",2014,4.7,326
954,tt0106221,"Aadmi Khilona Hai",1993,5.2,100
955,tt4386684,"31st October",2015,5.8,182
956,tt1618430,"Dum Maaro Dum",2011,6.2,3573
957,tt3107246,"Irandam Ulagam",2013,5.8,983
958,tt0077609,Ghar,1978,6.9,137
959,tt2112131,"Dabangg 2",2012,4.9,13143
960,tt6734984,"Duvvada Jagannadham",2017,5.4,2316
961,tt0371735,Hungama,2003,7.5,10340
962,tt7549484,Firangi,2017,4.7,740
963,tt0102071,Hum,1991,6.9,2243
964,tt0369516,Hawa,2003,3.4,261
965,tt0061842,"Jewel Thief",1967,7.9,1460
966,tt7262178,"Veerey Ki Wedding",2018,3.1,250
967,tt0062177,"Ram Aur Shyam",1967,7.4,734
968,tt5212160,"Chhota Bheem Himalayan Adventure",2016,6.2,72
969,tt1727535,"Rakhta Charitra 2",2010,6.4,2112
970,tt0072777,"Chhoti Si Baat",1976,8.3,3085
971,tt2094854,Inkaar,2013,6.1,2278
972,tt2361148,"Club 60",2013,7.3,368
973,tt0437238,Hulchul,2004,6.9,5264
974,tt0359325,Ghazab,1982,6.7,110
975,tt0320097,"Hum Kisi Se Kum Nahin",2002,4.4,1167
976,tt0339864,Vijeta,1996,4.2,55
977,tt0136352,Koyla,1997,6.3,7326
978,tt0109134,Anjaam,1994,7,5185
979,tt3531852,"Bhoothnath Returns",2014,6.8,4245
980,tt0374184,"Daai zek lou",2003,6.7,2566
981,tt0340178,"Jaal: The Trap",2003,4.1,375
982,tt0314557,Rajkumar,1964,7,121
983,tt0106725,"Dil Tera Aashiq",1993,5.1,548
984,tt0064506,Ittefaq,1969,7.4,733
985,tt1290054,Bhupathi,2007,6.6,56
986,tt0154749,Kudrat,1981,7.1,223
987,tt3159708,"Welcome Back",2015,4.2,4921
988,tt4338154,Hawaizaada,2015,5.6,1383
989,tt1627924,Mausam,2011,4.8,4840
990,tt4117066,"Meeruthiya Gangsters",2015,7.2,497
991,tt0151466,"Main Tulsi Tere Aangan Ki",1978,7.1,97
992,tt0155805,"Khhotte Sikkay",1974,6.7,83
993,tt3524410,"Yeh Hai Bakrapur",2014,3.8,225
994,tt0811066,"Shootout at Lokhandwala",2007,7.1,8407
995,tt5600714,"Laal Rang",2016,8.2,3526
996,tt0255097,Deewane,2000,4.7,497
997,tt0071145,Ankur,1974,8.2,747
998,tt0074417,"Do Anjaane",1976,6.9,345
999,tt3563156,Anjaan,2014,4.9,3351
